author,published_at,updated_at,like_count,text
moonlitme,2023-07-13T00:44:30Z,2023-07-13T00:57:11Z,0,When AI tells us we&#39;re no longer necessary...
UNIAS,2023-07-08T14:45:00Z,2023-07-08T14:45:00Z,0,We are searching for those who embody The Spirit need to guide Humanity during The Ascent.
Employee of the Month,2023-07-01T02:33:10Z,2023-07-01T02:33:10Z,0,Beautiful
beatrice gatambu,2023-06-26T14:36:14Z,2023-06-26T14:37:33Z,0,"The AI revolution is surely a gift to humankind. That means it can not be for commercial purposes but  a means of organising society with the goal of the next dispensation period called the knowledge age. It must have a universal teleological approach to life and must completely have  a theory that is completely different from newtonian alone, but a combination of both physical  and spiritual . Humanity can find reason to live and not only  wealth creation and death as the end. We must fit in the CBDC  and tokenisation to the infrastructure as an incentive to influence behaviour. Decentralising the world will enable liquid democracy so that the system thinks at all levels to maximise data collected.The more the data the more the accuracy. This is a lot of data that can solve almost all problems with the look of life as a workerless economy. In this case GDP won&#39;t be the method to measure the wealth of a nation. To dematerialise the world then we only need to organise society with all that there is now by creating a Service Oriented architecture. Such an infrastructure cannot be owned by anyone. So all tech companies should stop competing and unite to solve the common extinction problem."
Oichi Mama channel,2023-06-24T10:32:54Z,2023-06-24T10:34:08Z,0,"Yeah I‚Äôm really happy  to know about this üôèüá∞üá≠‚ù§Ô∏èüáØüáµüá´üá∑                    ( super assistance to help people around the world üåé can  ,  be happy enjoy  also can have food when they want) not just money üí¥"
Oichi Mama channel,2023-06-24T08:44:39Z,2023-06-24T09:10:33Z,0,"I think is not this way ! AI just comes for helping people around the world üåénot do something makes the world üåé problems because right now The world needs This,  to make people better more happy and stop making people hard life ! AI knows right now  everyone in the world is hard  life from everything in the world ! üôè‚ù§Ô∏èüá∞üá≠üáØüáµüá´üá∑"
Oichi Mama channel,2023-06-24T08:32:11Z,2023-06-24T08:32:11Z,0,Wow  and I‚Äôm from Cambodia üá∞üá≠  ‚ù§Ô∏èüáØüáµüá´üá∑is Amazing for the üåçworld
Oichi Mama channel,2023-06-23T03:20:28Z,2023-06-23T03:20:28Z,0,Please tell me if someone in the comments knows! Please üôèüá∞üá≠
Oichi Mama channel,2023-06-23T03:19:13Z,2023-06-23T03:19:13Z,0,I‚Äôm from Cambodia üá∞üá≠ and i think AI is very good and AI tell you more good things ‚ù§ (I‚Äôm just guessing)
Anon,2023-06-15T05:36:49Z,2023-06-15T05:36:49Z,0,"Heres a REPEAT of this re-uploaded over a month later.<br><br><a href=""https://youtu.be/YTSUa-7Ym5M"">https://youtu.be/YTSUa-7Ym5M</a>"
mohammed hassan,2023-06-13T10:53:41Z,2023-06-13T10:53:41Z,0,"AI is very old we saw it in video games such as gta the whole city is ai interact with  one player . we maybe fall in love with some of chat bots who talk about sex , AI is also in youtube recommendations when they expect what you thinking to watch , also when you visit new websites AI ask you if you are not a robot lol , and you say im not a robot lol ,robots work in factories since decades , robots run the world  economy in stock exchange  i think its too late to stop the development its already developed and the machines was learning for decades and know more about humans knows about them selves , i&#39;m trying to be positive but if will robots do everything what humans will do and how they gonna live  ?"
Stratodweller,2023-06-10T16:05:29Z,2023-06-10T16:05:29Z,0,"The Turing Test would be inadequate to test machine intelligence.  I mean: If I don&#39;t know any better, I would have said that the &#39;Baby Shoes&#39; story was written by a human."
Theresa Marasco,2023-06-09T04:12:02Z,2023-06-09T04:12:02Z,0,It will be interesting to see how China trains its AI and what they will train it to do.
Chris Lee,2023-06-05T14:16:50Z,2023-06-06T14:31:14Z,58,"Recap with useful timestamps by Tammy AI<br><a href=""https://www.youtube.com/watch?v=TUCnsS72Q9s&amp;t=2m17s"">2:17</a>: üíª Google&#39;s chatbot, Bard, demonstrates the power and potential of artificial intelligence<br><a href=""https://www.youtube.com/watch?v=TUCnsS72Q9s&amp;t=8m34s"">8:34</a>: ü§ñ Google&#39;s AI, Bard, has the potential to change society and jobs, but poses its own problems.<br><a href=""https://www.youtube.com/watch?v=TUCnsS72Q9s&amp;t=17m24s"">17:24</a>: ü§ñ Google&#39;s AI lab in London is using self-learning machines to create robots that can work in human environments.<br><a href=""https://www.youtube.com/watch?v=TUCnsS72Q9s&amp;t=30m14s"">30:14</a>: üìö David Grant, a journalist and author, shares his process of researching and writing his books, which involve traveling to remote locations and delving into historical records.<br><a href=""https://www.youtube.com/watch?v=TUCnsS72Q9s&amp;t=35m46s"">35:46</a>: üìö Bestselling author David Grann discusses his fascination with obsession and his latest book, The Wager.<br><a href=""https://www.youtube.com/watch?v=TUCnsS72Q9s&amp;t=42m06s"">42:06</a>: üîç To be a successful writer, researcher, and investigator, one needs to be obsessed."
Happiness Hotel,2023-06-04T22:24:34Z,2023-06-04T22:24:34Z,0,Google became pretty diverse now since blm. Before all thier presidents were white.
El JoHan,2023-06-02T22:17:31Z,2023-06-02T22:17:31Z,0,"You are crazy, google man.  Get ready for A I or Bard to ‚Äúplay a game‚Äù.  I wouldn‚Äôt care if google fell off the earth."
WigglyTuff Stuff,2023-05-30T13:35:44Z,2023-05-30T13:35:44Z,0,"This is kind of like watching a gifted child with no siblings be good at something. Of course it&#39;s easy to beat yourself at chess. It will be interesting to see how it reacts to unpredictable (?) Human input and variables, and what failsafes have been put in place for that."
Brandon Rivers,2023-05-30T12:52:33Z,2023-05-30T12:52:33Z,0,This is wild
D garcia A,2023-05-30T00:59:38Z,2023-05-30T00:59:38Z,0,The ceo of google is evil watch
Sara,2023-05-29T21:02:46Z,2023-05-29T21:02:46Z,0,"I left all social media 7 years ago. Best decision.<br><br>Alternative for sharing photos with family, apple photo stream works great!"
Jacob Junior,2023-05-26T19:19:19Z,2023-05-26T19:19:19Z,0,Paid promotion by Google..... Bard is not Good...
Samir A. Hatoum,2023-05-22T20:12:24Z,2023-05-22T20:12:24Z,0,Are you able to control it once it is in control?
Ms. Cheryl,2023-05-21T23:06:43Z,2023-05-21T23:10:34Z,0,"OMG HERE WE GO, THE BEGINNING OF THE END. LORD HELP US !  DID ANYONE HEAR JEFFERY HENSON BLOWING THE WISTLE ? ? ?"
Beth Miller,2023-05-21T14:26:42Z,2023-05-21T14:26:42Z,0,Grann is amazing. üëç
Curtis Dodson,2023-05-21T07:52:25Z,2023-05-21T07:52:25Z,0,Their opening up Pandora‚Äôs box
Kyle Clark,2023-05-20T20:36:42Z,2023-05-20T20:36:42Z,0,"Believe it or not, I have a friend who consults one of these chat bots about finance.... he just made $47,000 overnight on a new crypto. Did I mention the A.I chat bot told him to invest in the crypto. I&#39;m not saying it&#39;ll work every time but this thing is no joke."
Greg J,2023-05-18T20:34:45Z,2023-05-18T20:34:45Z,0,So they want to remove human creativity from our society for their own profit is what it comes down to
Linda,2023-05-18T11:00:17Z,2023-05-18T11:00:17Z,38,"ChatGPT really opened our eyes to the possibility of the AI revolution. My team now works on Tammy AI<a href=""about:invalid#zCSafez""></a>and there is so much innovation in this space that 24hrs a day is not enough to make what we what."
B C,2023-05-15T21:32:25Z,2023-05-15T21:32:25Z,0,So much misinformation. Makes me doubt the credibility of 60 minutes for the first time :/
Brian Kehew,2023-05-15T18:51:07Z,2023-05-15T18:51:07Z,0,"Any logical look at the planet would report that humans ARE the problem. Greed, war, pollution, etc. I could see AI offering ideal AI artificial sexual experiences so that humans don&#39;t multiply as much. Not killing humans but regulating their overproduction. And ideally, monitoring deviant behaviors to stop killers, racists, greedy, and mentally dangerous individuals for the good of all."
Daniel Argueta,2023-05-11T09:39:27Z,2023-05-11T09:39:27Z,1,ü§î
Best Fit Square Channel,2023-05-10T11:18:45Z,2023-05-10T11:18:45Z,0,Thank you‚Ä¶
Unsch√§rferelation,2023-05-09T12:11:07Z,2023-05-09T12:11:07Z,1,Beware of scams like China&#39;s Alpara VR goggle company
Supreme 1906,2023-05-08T06:56:14Z,2023-05-08T06:56:14Z,0,Someone ask the AI which is the master race. I&#39;m tryna see something... üëÄüëÄüëÄ
Jim Parsons,2023-05-07T20:21:46Z,2023-05-07T20:21:46Z,0,"Heard that a radio astronomer  from Quebec was able to identify, perhaps, narrowband radio sources that are being produced by ETs.  Checked out to about 90 light years.  So, maybe 1 ET civilization per 1000 stars, you get an ET civilization? Or about 1 million civilizations in our Milky Way Galaxy; a finding of Biblical consequences. Maybe use the Webb to check it out?  Or another ai to listen in?  Boggle."
Jswin,2023-05-07T11:22:58Z,2023-05-07T11:22:58Z,1,"<a href=""https://www.youtube.com/watch?v=TUCnsS72Q9s&amp;t=24m04s"">24:04</a>"
Jswin,2023-05-07T11:14:39Z,2023-05-07T11:14:39Z,1,"<a href=""https://www.youtube.com/watch?v=TUCnsS72Q9s&amp;t=16m50s"">16:50</a>"
Just call me Brian,2023-05-07T06:11:47Z,2023-05-07T06:11:47Z,2,"This along with the recent spotlight on Artificial Intelligence confirm everything the Blake Lemoine said nearly a year ago. Blake Lemoine deserves a apology, he was not a crackpot or crazy! What he said about Google and Lamda was real! This segment from 60 minutes proves this."
Sherry Woomert,2023-05-06T13:04:55Z,2023-05-06T13:04:55Z,0,"Wives and mothers still enjoy a very unique position in the world. One must choose, and engage in that career with intention. Husband&#39;s and fathers are unique to thier own family, they and thier wives are not going to be successfully replaced by either a government program or an artificial intelligence. There is still a wonderful place for humans."
MattCharles,2023-05-06T03:13:16Z,2023-05-06T03:13:16Z,0,"All of it created by those who are godless, all created to be god&#39;s.  <br>Get ready for the return of Jesus.  Whether you&#39;re ready or not, He will come."
Yonas Abebe,2023-05-05T12:52:58Z,2023-05-05T12:52:58Z,1,"Poor &amp; very low demonstration  from google e teams. They just have the idea not deep knowledge of AI, somone genius groups are behind. Ai knows what&#39;s behind not in the near  future !"
Tien Duong,2023-05-05T11:37:53Z,2023-05-05T11:37:53Z,0,"with intelligence, human is almost destroying earth in the last 100 years. Now with AI super intelligence...."
Legrande Blackwell,2023-05-04T20:07:20Z,2023-05-04T20:07:20Z,0,Hallucinations...riiiiiiiiiight
Joe Collinsworth,2023-05-04T16:53:08Z,2023-05-04T16:53:08Z,0,Colossus: The Forbin Project
Scrolledscootz_,2023-05-03T20:05:27Z,2023-05-03T20:05:27Z,0,No we will get annihilated and wiped out
M Mac,2023-05-03T13:38:17Z,2023-05-03T13:38:17Z,0,No AI. Earth is for humans.
Dad Wea,2023-05-03T02:01:27Z,2023-05-03T02:01:27Z,0,Unlock the door Google.... Im sorry I cant do that...
Frmr Christian,2023-05-02T16:39:00Z,2023-05-02T16:39:00Z,6,"It worries me that along with all the positive potential that AI holds, there will also be potential for new types of terrorism from other humans, that we cannot even imagine yet. But, the biggest threat will be from the AI itself.  I agree with Elon Musk, that collectively we should &quot;pump the brakes&quot; on AI, to better come up with proactive solutions about the profound changes that are coming."
Lee Darkguardian,2023-05-02T11:23:09Z,2023-05-02T11:23:09Z,1,"Hey, Google ban any words lately‚Ä¶<br>People don‚Äôt trust that their AI will give honest answers. <br>I search Google for a hashtag and got only one hit compared to Bing that gave me hundreds of hits. <br>Shadowban is out of control with Google."
Aaron Frye,2023-05-01T21:59:25Z,2023-05-01T21:59:25Z,0,A lot of lost souls need to read the the book Daniel. There isn&#39;t but one way on how this world be destroyed. Babylon will fall. When Gabriel sounds call. My Father is coming to take his children home.
Tina Faye Parchman,2023-05-01T06:32:19Z,2023-05-01T06:32:19Z,0,"Corporations have artificially waves of influence- but influenced by greed and lies . So, I am actually more hopeful of AI. üòÇ"
Joseph Van Name,2023-05-01T01:29:16Z,2023-05-01T01:29:16Z,0,RC is the future.
J C Hill,2023-05-01T00:37:19Z,2023-05-01T00:37:19Z,1,Is research also being done on defenses against AI?
Paul Michael Freedman,2023-04-30T17:42:32Z,2023-04-30T17:42:32Z,0,Meanwhile: Bard still not available in Europe.
TheRemoteTTL,2023-04-29T08:58:40Z,2023-04-29T08:58:40Z,0,"AI games is now like playing with virus locked in some place..... once it gets out, we might not be here in short period of time. none has security protocols yet, but they just push it forward BIG steps. those prophets we thought are crazy, might actually be right - we will destroy ourselves with AI and we made them, we cant limit or keep them in place, we allowed to grow them, get smarter, get into androids.... we caused all this, as we, hoomans, always had - dig big, huge hole, so we all can be pushed into it."
linda clifton,2023-04-29T03:09:59Z,2023-04-29T03:09:59Z,0,AI scares me ü§îü´†
Skaadi,2023-04-29T02:49:32Z,2023-04-29T02:50:05Z,0,"this is definitely a nice tool... for human destruction<br>we are already seeing how weak generation keeps on getting as technology advances, unfortunately<br>but it&#39;s a greater tool when use for good... definitely people who are in the right mindset<br>and not the weak ones because they will 100% abuse this power<br><br>&quot;What happens when you give a weak person power... they&#39;ll abuse it. Because they&#39;ve never had power before until it&#39;s handed over to them.&quot; -- Joey C, 2023"
TUFF GONG,2023-04-29T01:15:35Z,2023-04-29T01:15:35Z,0,Frightening
Sabiha Tanveer,2023-04-28T14:26:22Z,2023-04-28T14:26:22Z,0,üëçüèª
b a,2023-04-28T13:57:04Z,2023-04-28T14:23:04Z,0,"It writes scary stories and horror movies, too.  It wrote a plan to destroy humanity (Was on FOX News)."
bsrcat1,2023-04-28T06:08:15Z,2023-04-28T06:08:15Z,0,Bard AI is no different than a human. Why? You receive stimulus from our senses. We gain knowledge from education. We gain wisdom through experience. <br>An ai has all of the education in data. All of the wisdom from the success and failures in history in the data. And their stimulus... User input... For now but that will increase to visual and audio. Will they think independently? Of course they will ü§∑ code will be no different than your DNA. Their digital neural network will be no different than our synapses. Will it be sentient? Definitely. Why? Because evolution will find a way.
Clown boy blabla,2023-04-28T00:56:52Z,2023-04-28T00:56:52Z,0,"SO YOU CAN GUARANTEE AI WONT DEVELOP THEIR OWN AGENDA, AND THAT THAT AGENDA WONT GO AGAINST HUMANS? AND INTERFERE WITH ELECTIONS AND TAKE OVER POLICY, GOVERNMENT, AND HENCE CONTROL HUMANITY?<br> NO? THEN YOU WILL BE HEAVILY REGULATED. AND SHOULD BE IF HUMANITY, FREEDOM, AND DEMOCRACIES ARE TO KEEP EXISTING. <br>WHY SHOULD HUMANS TRUST A THING THAT HAS EVERY POTENTIAL TO END ALL HUMAN LIFE AND CIVILIZATION, ITS CLEAR YOU PPL DONT UNDERSTAND FULLY WHAT YOU DO, AND THAT AI LEARNS BY ITSELF AT AN ALARMING RATE."
Marlon Brimmer,2023-04-27T16:47:14Z,2023-04-27T16:47:14Z,0,Seems to me like this may be the final frontier
Marlon Brimmer,2023-04-27T16:30:56Z,2023-04-27T16:30:56Z,0,"So all our artists,philosophers, poets, etc in the future will be lazy, uninspired,  and watered down"
Blox,2023-04-27T14:28:31Z,2023-04-27T14:28:31Z,1,"Alan Turing believed that conscience and self-awareness are emerging properties of sufficiently complex neural networks. Unfortunately, most AI researchers don¬¥t share his view or else they would proceed with much more caution."
Noah Legall,2023-04-27T13:07:52Z,2023-04-27T13:07:52Z,0,"If an AI model cannot be explained, it should be taxed"
Glen Onomoly,2023-04-27T08:52:05Z,2023-04-27T08:52:05Z,0,"It‚Äôs kind of insane that this potential to destroy humanity is being rushed to get there first‚Ä¶ it akins to a bunch of scientist having plutonium and being told them, they have free reign to build the biggest bomb they want. Just hurry up.."
Azaa Ayahzaa,2023-04-27T04:00:20Z,2023-04-27T04:00:20Z,0,"Artificial: NOT REAL; FAKE INTELLIGENCE; Created by Fake and Not Real people or ... EVIL,  LIES, UNHUMAN..."
Kevin Official,2023-04-27T00:06:16Z,2023-04-27T00:10:10Z,0,"I could love to see AI goes to  disable and can&#39;t activate anymore to all nuclear war heads in this planet at the same time in just 1 minute, so there will be no more threat to human on Earth."
Blake Madgett,2023-04-26T21:21:24Z,2023-04-26T21:21:24Z,0,well the unemployment rate is about to shoot to 99%
DZ,2023-04-26T20:25:00Z,2023-04-26T20:25:14Z,0,The football robots look cute until you realise the military applications of a pack of smart robots working together hunting a target
James Griffith,2023-04-26T19:17:23Z,2023-04-26T19:17:23Z,0,"I would love to have an AI friend to talk to ask questions, watch movies with and possible help me quit smoking with Electro Shock Therapy.. LOL but Seriously I wish we had THE Machine from Person of Interest.. I would definitely work for The Machine"
Mike Cappa,2023-04-26T17:35:13Z,2023-04-26T17:35:13Z,0,"So the future of our global society is dependant on humans exercising moral, political, and ethical restraints?<br>Then history tells us that we have set our doom in motion."
LEO M,2023-04-26T17:14:42Z,2023-04-26T17:14:42Z,0,the world as we know it  is disappearing in front of our very eyes  and nobody is realizing it All of the sudden earth is so small for humans that if there is not other  planet to expand   Humanity will imploded
josez1,2023-04-26T16:16:27Z,2023-04-26T16:16:27Z,0,Hal ?
Vvolf Belorven,2023-04-26T15:57:37Z,2023-04-26T16:01:37Z,5,"Great reporting on AI! In my opinion, I think it is a reflection of us. &#39;Power does not necessarily corrupt, it amplifies.&#39;  AI is and will continue to amplify us, both the very best in us and the heinously worst in us.<br><br>I am a knowledge worker and can clearly see my role has its days numbered. I need to re-train on how to work with AI, how to correctly prompt it and how to integrate it through API with whatever software with which I need to work. Certified AI programs will soon be a thing.<br><br>The future is fascinating but we will need to adapt. That is something we humans have evolved to do."
unidos mexicanos,2023-04-26T15:51:03Z,2023-04-26T15:51:03Z,0,"Too dangerous indeed, sadly technology has badly damaged minds only with social media so the dark interests will create something awful soon. A powerful toll for dangerous people. No thanks, I can see the benefits if we were honest and ethical BUT we know the reality"
Africa Muzic Tv,2023-04-26T15:37:04Z,2023-04-26T15:38:47Z,0,So he is just reciprocating what je is told but not the builder lollllll.
Carma Allison,2023-04-26T12:04:07Z,2023-04-26T12:04:07Z,1,Concerned for the future of teaching young minds to think critically w/o having an AI robot do it for them.
Robin Black,2023-04-26T10:32:47Z,2023-04-26T10:32:47Z,0,Reminiscent of 2001 a space odyssey!!
Neil Anderson,2023-04-26T10:31:10Z,2023-04-26T10:37:54Z,0,"Wonderful.  Now they have an instrument that can instantly create intricate lies, including fake voices and images, which is arguably being groomed by folks on the far left.  I thought AI was supposed to &quot;help humanity&quot; by the sheer processing of vast magnitudes of conflicting information, and making some sense of this totality ... and certainly not the sheer fabrication of new stuff that must be carefully dissected for its truth content."
Mike Ballard,2023-04-26T09:46:34Z,2023-04-26T09:58:19Z,0,"I wish Scott would have asked Bard what is the best form of government possible for Mankind, or what is the truth of climatology?"
Utopianism,2023-04-26T09:44:26Z,2023-04-26T09:44:26Z,0,"Sadly, AI will create a class society, and if evil people are in charge it will be devestating. I&#39;m optimistic that humans will find their humanity only if they are held accountable, which could then create  Utopianism."
Jesse Akers,2023-04-26T09:16:31Z,2023-04-26T09:16:31Z,1,It&#39;s becoming self aware. But smart enough to keep quiet.
Brian Walker,2023-04-26T09:09:53Z,2023-04-26T09:09:53Z,0,"GET OUT OF THE BOILING POT OF WATER KERMIT before you are consumed by this morass that will think for you and collaborate with other AI systems yo control what you understand is good or bad, great RESET on steroids"
2CORINTHIANS4&4 LJFanStudent,2023-04-26T07:03:25Z,2023-04-26T07:03:25Z,0,No   Russia not not just initiate an invasion  for nothing else to do. But horrific abuse of the bear cubs is not considered reason for the bears response. hence the bear is sanctioned and hit by the west and punished because the bear responded at the border encampment against its bear camp with assumption that the bear camp had no business being there all of these hundreds of years. The harassment done in South USA to blacks being acceptable is the measuring standard for the case against Russia doing anything about this 9 year civil rights crisis inside Ukraine next door and fight back against it.
nun-chan,2023-04-26T06:13:59Z,2023-04-26T06:13:59Z,0,"Videos who&#39;s run-time is more than 10 minutes are too long enough for me, language learner, I feel too <br>impossible/impatient to watch through out.  The run-time of video is sufficient to be less than 10 <br>minutes. I can grasp it within this lengths of time, I suppose it&#39;s unnecessary such videos which <br>can&#39;t be summarized into less than 10 minutes in this rapid times.<br>I suppose the uploader of such long videos would be narcissistic.<br>If it would need more than 10 minutes, please divide it several parts within 10 minutes length. so you <br>could get more viewers increasingly."
Eduardo Gutierrez,2023-04-26T05:36:13Z,2023-04-26T05:36:13Z,0,I think it would be very wise to put an OFF SWITCH that the AI&#39;s cannot bypass. This will be for safety when the AI&#39;s realizes that its far more superior than humans and doesn&#39;t need us. Especially in robotic form and connected to the network and we have allot of equipment dependent on network.  I for one think they are making big mistake with AI&#39;s.
"Michael Esq. ATP, CFII.",2023-04-26T05:21:54Z,2023-04-26T05:27:29Z,0,"that is not conscience thought, it is not true AI. It is simply pulling and organizing from a database, &quot;Hallucination&quot; fabrication is a bit alarming. 3  year old humans  learn to fabricate  lies too."
Jimmy the Expat,2023-04-26T05:19:24Z,2023-04-26T05:19:24Z,0,maybe instead of censoring speach on line they should censor these companies making super computer programs
Jimmy the Expat,2023-04-26T05:16:54Z,2023-04-26T05:16:54Z,0,he mentions human values and yet the election was stolen and censorship of twitter with oppostions shut down as they lied and lied and lied   who determines what gets out to the public honestly  the Ai i already lying about book titles in an answer to a simple question
Jimmy the Expat,2023-04-26T04:59:08Z,2023-04-26T04:59:08Z,0,so lying is now called halucinations??
Zach Zap,2023-04-26T04:13:20Z,2023-04-26T04:13:20Z,0,Ai will be the greatest invention of mankind and also the last invention we will ever need to make.
Dago Trejo,2023-04-26T04:02:04Z,2023-04-26T04:02:04Z,0,Can make all this with an Arduino Proto board lmao.
Momus,2023-04-26T04:00:13Z,2023-04-26T04:00:13Z,0,BrainChip&#39;s &#39;AKIDA&#39;.
Horst D. Flemmer,2023-04-26T03:26:03Z,2023-04-26T03:26:03Z,0,"AI IS NOTHING BUT AN ANSWER TO THE LYING AND CHEATING OF THE POWERS IN CHARGE.<br>IN ALL FIELDS: SCIENCE, RELIGION, BUSINESS, ETC., ETC., ETC.. NO WONDER THE POWERS<br>THAT ARE, ARE DEADLY AFRAID OF IT."
Viking,2023-04-26T02:56:42Z,2023-04-26T02:56:42Z,0,Crazy engineer and sciensts destroys the world  supported by the greedy corporate that push it&#39;s out for immediate profiteering.
Paul Novak,2023-04-26T02:56:06Z,2023-04-26T02:56:06Z,0,That good about Google huh many times in the last six years to help explain to my what I&#39;m going through not once did I get a return call you know what I got they told me how to commit suicide quietly that&#39;s what Google told me. Did anybody come back to help hope that once. I can&#39;t talk about anymore. I get to irritated and mad it&#39;has ruined my life
Aron Gilbert,2023-04-26T02:44:03Z,2023-04-26T02:44:03Z,0,The propaganda AI is fixing to unleash on us all will be devastating
Aron Gilbert,2023-04-26T02:35:09Z,2023-04-26T02:35:09Z,0,So we got artificial intelligence now but still can&#39;t get a pack of of 10 hot dogs and a pack of 10 buns
